代號,名稱,股數
1101,台泥,424.7
1102,亞泥,336.1
1103,嘉泥,77.48
1104,環泥,65.36
1108,幸福,40.47
1109,信大,36
1110,東泥,57.2
1201,味全,50.61
1203,味王,24
1210,大成,73.64
1213,大飲,5.662
1215,卜蜂,26.8
1216,統一,568.2
1217,愛之味,49.45
1218,泰山,35.33
1219,福壽,32.2
1220,台榮,17.71
1225,福懋油,21.87
1227,佳格,91.51
1229,聯華,95.65
1231,聯華食,15.99
1232,大統益,16
1233,天仁,9.059
1234,黑松,40.19
1235,興泰,6.066
1236,宏亞,10.83
1256,F-鮮活,3.077
1258,F-其祥,3.682
1259,安心,3.239
1262,F-綠悅,16.34
1264,德麥,3.37
1268,漢來美食,3.799
1301,台塑,636.6
1303,南亞,793.1
1304,台聚,116.5
1305,華夏,49.2
1307,三芳,39.78
1308,亞聚,51.81
1309,台達化,32.77
1310,台苯,52.79
1312,國喬,92.66
1313,聯成,120
1314,中石化,252.5
1315,達新,19.8
1316,上曜,11.82
1319,東陽,59.15
1321,大洋,22.72
1323,永裕,9.127
1324,地球,7.512
1325,恆大,8.528
1326,台化,586.1
1333,恩得利,7.452
1336,台翰,8.319
1337,F-再生,26.78
1338,F-廣華,8.384
1339,昭輝,7.414
1340,F-勝悅,12.64
1402,遠東新,535.3
1409,新纖,161.8
1410,南染,7.2
1413,宏洲,13.21
1414,東和,22
1416,廣豐,18.53
1417,嘉裕,37.99
1418,東華,5.683
1419,新紡,30
1423,利華,17.3
1432,大魯閣,16.79
1434,福懋,168.5
1435,中福,13.98
1436,華友聯,7.59
1437,勤益控,19.37
1438,裕豐,10.24
1439,中和,9.2
1440,南紡,165.7
1441,大東,7.211
1442,名軒,30.01
1443,立益,13.53
1444,力麗,95.73
1445,大宇,13.87
1446,宏和,13.77
1447,力鵬,91.45
1449,佳和,12
1451,年興,19.8
1452,宏益,13.26
1453,大將,8.967
1454,台富,14.03
1455,集盛,61.18
1456,怡華,9.372
1457,宜進,30.16
1459,聯發,35.86
1460,宏遠,49
1463,強盛,17.33
1464,得力,33.46
1465,偉全,10.36
1466,聚隆,11.12
1467,南緯,21.03
1468,昶和,16.04
1469,理隆,12.46
1470,大統染,8.577
1471,首利,15.04
1472,三洋紡,4.267
1473,台南,14.72
1474,弘裕,12.99
1475,本盟,1.602
1476,儒鴻,27.44
1477,聚陽,20.94
1503,士電,52.1
1504,東元,200.3
1506,正道,12.23
1507,永大,41.08
1512,瑞利,18.18
1513,中興電,42
1514,亞力,20.11
1515,力山,18.15
1516,川飛,3.039
1517,利奇,22.78
1519,華城,26.11
1521,大億,7.623
1522,堤維西,31.29
1524,耿鼎,17.97
1525,江申,7.34
1526,日馳,5
1527,鑽全,13.8
1528,恩德,18
1529,樂士,59.97
1530,亞崴,9.659
1531,高林股,19.32
1532,勤美,38.53
1533,車王電,9.855
1535,中宇,12.37
1536,和大,25.5
1537,廣隆,8.179
1538,正峰新,8.314
1539,巨庭,6.537
1540,喬福,8.547
1541,錩泰,7.88
1558,伸興,6.055
1560,中砂,14.1
1565,精華,5.042
1566,捷邦,6.647
1568,倉佑,10.31
1569,濱川,10.21
1570,力肯,5.15
1580,新麥,4.853
1582,信錦,16.36
1583,程泰,11.04
1584,精剛,8.247
1586,和勤,7.301
1589,F-永冠,11.88
1590,F-亞德,18.9
1591,F-駿吉,3.316
1592,F-英瑞,10.04
1593,祺驊,3.043
1595,川寶,4.662
1597,直得,6.205
1598,岱宇,9.295
1599,宏佳騰,6.2
1603,華電,19.17
1604,聲寶,49.9
1605,華新,336.6
1608,華榮,63.28
1609,大亞,57.22
1611,中電,39.84
1612,宏泰,31.61
1613,台一,22.75
1614,三洋電,26.91
1615,大山,11.19
1616,億泰,19.41
1617,榮星,14.42
1618,合機,24.09
1626,F-艾美,12.28
1701,中化,29.81
1702,南僑,29.41
1704,榮化,85.54
1707,葡萄王,13.52
1708,東鹼,20.14
1709,和益,49.09
1710,東聯,88.57
1711,永光,54.78
1712,興農,40.52
1713,國化,15.1
1714,和桐,101.7
1715,萬洲,40.86
1717,長興,115.9
1718,中纖,142.9
1720,生達,17.87
1721,三晃,22.23
1722,台肥,98
1723,中碳,23.69
1724,台硝,12.78
1725,元禎,18.18
1726,永記,16.2
1727,中華化,11.02
1729,必翔,18.44
1730,花仙子,5.87
1731,美吾華,13.29
1732,毛寶,4.244
1733,五鼎,9.973
1734,杏輝,16.77
1735,日勝化,9.939
1736,喬山,30.4
1737,臺鹽,20
1742,台蠟,4.63
1752,南光,10.1
1760,寶齡富錦,6.814
1762,中化生,7.756
1773,勝一,15
1776,展宇,6.956
1777,生泰,3.006
1781,合世,4.741
1783,和康生,7.876
1784,訊聯,4.969
1785,光洋科,39.85
1786,科妍,5.35
1787,福盈科,6.789
1788,杏昌,3.5
1789,神隆,79.07
1795,美時,23.85
1796,金穎生技,2.744
1799,易威,9.884
1802,台玻,290.8
1805,寶徠,8.027
1806,冠軍,43.73
1808,潤隆,24.34
1809,中釉,16.7
1810,和成,36.99
1813,寶利徠,4.664
1815,富喬,43.36
1817,凱撒衛,7.26
1902,台紙,40.2
1903,士紙,26
1904,正隆,110.8
1905,華紙,110.3
1906,寶隆,15.1
1907,永豐餘,166
1909,榮成,113.4
2002,中鋼,1577
2006,東鋼,100
2007,燁興,53.07
2008,高興昌,22.32
2009,第一銅,35.96
2010,春源,64.77
2012,春雨,28.78
2013,中鋼構,20
2014,中鴻,143.6
2015,豐興,58.16
2017,官田鋼,32.71
2020,美亞,23.35
2022,聚亨,54.71
2023,燁輝,182.1
2024,志聯,9.75
2025,千興,28.12
2027,大成鋼,94.6
2028,威致,32.57
2029,盛餘,32.12
2030,彰源,28.65
2031,新光鋼,30.62
2032,新鋼,13.05
2033,佳大,8.069
2034,允強,40.71
2035,唐榮,35
2038,海光,18.13
2049,上銀,28.02
2059,川湖,9.53
2061,風青,6.208
2062,橋椿,16.36
2063,世鎧,4.5
2064,晉椿,7
2065,世豐,3.268
2066,世德,3.65
2067,嘉鋼,4.487
2069,運錩,14.06
2101,南港,83.39
2102,泰豐,47.33
2103,台橡,82.57
2104,中橡,62.86
2105,正新,324.1
2106,建大,87.44
2107,厚生,38
2108,南帝,46.9
2109,華豐,33.23
2114,鑫永銓,6.753
2115,F-六暉,8.196
2201,裕隆,157.3
2204,中華,138.4
2206,三陽,86.86
2207,和泰車,54.62
2208,台船,74.36
2221,大甲,4.242
2227,裕日車,30
2228,劍麟,7.578
2230,泰茂,3.962
2231,為升,10.12
2233,宇隆,4.921
2235,謚源,3.588
2236,F-百達,3.831
2239,F-英利,11
2243,宏旭-KY,4.16
2301,光寶科,235.1
2302,麗正,16.63
2303,聯電,1262
2305,全友,20.57
2308,台達電,259.8
2311,日月光,873.7
2312,金寶,145.6
2313,華通,119.2
2314,台揚,22.8
2316,楠梓電,22.56
2317,鴻海,1733
2321,東訊,63.07
2323,中環,183.1
2324,仁寶,442
2325,矽品,311.6
2327,國巨,35.04
2328,廣宇,51.83
2329,華泰,80.6
2330,台積電,2593
2331,精英,55.74
2332,友訊,65.2
2337,旺宏,180.5
2338,光罩,25.27
2340,光磊,44.54
2342,茂矽,11.31
2344,華邦電,398
2345,智邦,55.29
2347,聯強,166.8
2348,海悅,8.56
2349,錸德,176.7
2351,順德,18.21
2352,佳世達,196.7
2353,宏,307.7
2354,鴻準,141.4
2355,敬鵬,39.75
2356,英業達,358.7
2357,華碩,74.28
2358,廷鑫,7.962
2359,所羅門,17.15
2360,致茂,41.19
2362,藍天,68.32
2363,矽統,56.01
2364,倫飛,19.89
2365,昆盈,24.35
2367,燿華,54.43
2368,金像電,55.22
2369,菱生,38.01
2371,大同,234
2373,震旦行,23.62
2374,佳能,28.24
2375,智寶,9.152
2376,技嘉,63.32
2377,微星,84.49
2379,瑞昱,50.65
2380,虹光,20.82
2382,廣達,386.3
2383,台光電,31.97
2385,群光,72.06
2387,精元,22.11
2388,威盛,49.33
2390,云辰,21.4
2392,正崴,51.23
2393,億光,44.04
2395,研華,69.7
2397,友通,11.47
2399,映泰,17.81
2401,凌陽,59.2
2402,毅嘉,33.57
2404,漢唐,23.82
2405,浩鑫,33.94
2406,國碩,33.91
2408,南亞科,296.4
2409,友達,962.4
2412,中華電,775.7
2413,環科,12.74
2414,精技,16.17
2415,錩新,8
2417,圓剛,19.29
2419,仲琦,22.97
2420,新巨,15.26
2421,建準,25.09
2423,固緯,14.5
2424,隴華,3
2425,承啟,10.92
2426,鼎元,29.91
2427,三商電,18.43
2428,興勤,12.81
2429,銘旺科,3.68
2430,燦坤,16.75
2431,聯昌,11.09
2433,互盛電,14.45
2434,統懋,7.06
2436,偉詮電,22.26
2437,旺詮,6.913
2438,翔耀,9.522
2439,美律,20.03
2440,太空梭,13.91
2441,超豐,56.88
2442,新美齊,23.99
2443,新利虹,14.57
2444,友旺,10.56
2448,晶電,108.9
2449,京元電,122
2450,神腦,25.83
2451,創見,43.08
2453,凌群,10
2454,聯發科,158.1
2455,全新,18.49
2456,奇力新,22.86
2457,飛宏,33.77
2458,義隆,43.41
2459,敦吉,10.73
2460,建通,16.92
2461,光群雷,16.53
2462,良得電,14.25
2464,盟立,19.55
2465,麗臺,5.359
2466,冠西電,15.63
2467,志聖,15.87
2468,華經,6.996
2471,資通,4.725
2472,立隆電,13.12
2474,可成,77.04
2475,華映,647.9
2476,鉅祥,18.24
2477,美隆電,19.82
2478,大毅,19
2480,敦陽科,10.64
2481,強茂,36.98
2482,連宇,6.207
2483,百容,11.06
2484,希華,15.94
2485,兆赫,31.77
2486,一詮,20.53
2488,漢平,8
2489,瑞軒,83.44
2491,吉祥全,7.701
2492,華新科,48.58
2493,揚博,11.44
2495,普安,27.97
2496,卓越,1.655
2497,怡利電,11.88
2498,宏達電,82.08
2499,東貝,37.35
2501,國建,116
2504,國產,138.5
2505,國揚,57.66
2506,太設,38.7
2509,全坤建,15.18
2511,太子,162.3
2514,龍邦,49.36
2515,中工,153.1
2516,新建,22.63
2520,冠德,50.38
2524,京城,38.43
2527,宏璟,27.03
2528,皇普,13.71
2530,華建,27.08
2534,宏盛,61.75
2535,達欣工,23.18
2536,宏普,33.28
2537,聯上發,30.06
2538,基泰,43.84
2539,櫻花建,37.8
2540,愛山林,14.66
2542,興富發,116.7
2543,皇昌,24.2
2545,皇翔,32.77
2546,根基,10.6
2547,日勝生,89.44
2548,華固,27.68
2596,綠意,9.738
2597,潤弘,13.5
2601,益航,63.09
2603,長榮,401.2
2605,新興,56.83
2606,裕民,84.51
2607,榮運,106.7
2608,大榮,46.7
2609,陽明,232.3
2610,華航,547.1
2611,志信,17.8
2612,中航,19.75
2613,中櫃,12.34
2614,東森,69.6
2615,萬海,221.8
2616,山隆,13.38
2617,台航,41.73
2618,長榮航,417.3
2633,台灣高鐵,562.8
2634,漢翔,94.19
2636,台驊,11.86
2637,F-慧洋,61.67
2640,大車隊,4.876
2641,正德,18.5
2642,宅配通,9.547
2643,捷迅,2.623
2701,萬企,43.88
2702,華園,10.23
2704,國賓,36.69
2705,六福,33.92
2706,第一店,48.65
2707,晶華,12.67
2712,遠雄來,10.5
2718,晶悅,2.258
2719,燦星旅,3.629
2722,夏都,10.72
2723,F-美食,16.3
2724,F-富驛,6.817
2726,F-雅茗,3.349
2727,王品,7.699
2729,瓦城,2.327
2731,雄獅,7
2732,六角,3.475
2734,易飛網,3.026
2736,高野,4.899
2739,寒舍,11.15
2740,天蔥,1.598
2748,雲品,6.564
2801,彰銀,941.3
2809,京城銀,115.1
2812,台中銀,329.3
2816,旺旺保,21.3
2820,華票,134.3
2823,中壽,378.6
2832,台產,36.22
2834,臺企銀,614.8
2836,高雄銀,100.3
2838,聯邦銀,280.5
2841,台開,76.09
2845,遠東銀,318.3
2847,大眾銀,363.7
2849,安泰銀,195.8
2850,新產,31.6
2851,中再保,56.23
2852,第一保,30.12
2855,統一證,139
2856,元富證,160
2867,三商壽,192
2880,華南金,1105
2881,富邦金,1083
2882,國泰金,1340
2883,開發金,1498
2884,玉山金,1019
2885,元大金,1199
2886,兆豐金,1360
2887,台新金,1077
2888,新光金,1023
2889,國票金,278.7
2890,永豐金,1106
2891,中信金,1983
2892,第一金,1222
2897,王道銀行,241.3
2901,欣欣,7.304
2903,遠百,141.7
2904,匯僑,6.903
2905,三商,76.55
2906,高林,20.91
2908,特力,50.99
2910,統領,20.87
2911,麗嬰房,20.43
2912,統一超,104
2913,農林,77
2915,潤泰全,94.14
2916,滿心,5.463
2923,F-鼎固,174
2924,F-東凌,3.401
2926,誠品生,4.739
2928, F-紅馬,4.73
2929,F-淘帝,7.871
2936,客思達KY,7.656
2937,集雅社,3.286
2939,凱羿-KY,5.002
3002,歐格,10.2
3003,健和興,15.57
3004,豐達科,5.265
3005,神基,57.16
3006,晶豪科,28.58
3008,大立光,13.41
3010,華立,23.14
3011,今皓,11.27
3013,晟銘電,16.99
3014,聯陽,16.14
3015,全漢,19.23
3016,嘉晶,27.44
3017,奇鋐,35.33
3018,同開,6.591
3019,亞光,28.11
3021,鴻名,9.581
3022,威強電,32.83
3023,信邦,22.54
3024,憶聲,27.72
3025,星通,7.092
3026,禾伸堂,15.8
3027,盛達,9.91
3028,增你強,21.38
3029,零壹,12.24
3030,德律,23.62
3031,佰鴻,18.67
3032,偉訓,11.33
3033,威健,32.3
3034,聯詠,60.85
3035,智原,24.86
3036,文曄,55.22
3037,欣興,152.9
3038,全台,18.34
3040,遠見,6.3
3041,揚智,30.26
3042,晶技,30.98
3043,科風,19.49
3044,健鼎,52.56
3045,台灣大,342.1
3046,建,7.145
3047,訊舟,20.04
3048,益登,22.26
3049,和鑫,73.69
3050,鈺德,14.6
3051,力特,32.53
3052,夆典,23.3
3054,立萬利,12.11
3055,蔚華科,10.35
3056,總太,23.05
3057,喬鼎,16.14
3058,立德,17.05
3059,華晶科,27.38
3060,銘異,13.94
3062,建漢,32.88
3064,泰偉,7.211
3066,李洲,8.307
3067,全域,2.903
3068,美磊,9.347
3071,協禧,12
3073,普格,4.646
3078,僑威,22.74
3081,聯亞,9.057
3083,網龍,8.57
3085,久大,11.81
3086,華義,6.117
3088,艾訊,7.931
3089,遠昇,4.011
3090,日電貿,16.7
3092,鴻碩,6.98
3093,港建,3.629
3094,聯傑,8.466
3095,及成,10.93
3105,穩懋,42.27
3114,好德,5.001
3115,寶島極,4.37
3118,進階,3.245
3122,笙泉,3.93
3126,信億科技,4.875
3128,昇銳,4.2
3130,一零四,3.321
3131,弘塑,2.468
3141,晶宏,6.349
3144,新揚科,10.06
3147,大綜,3.4
3149,正達,18.84
3152,璟德,6.902
3162,精確,12.65
3163,波若威,7.438
3164,景岳,8.891
3167,大量,8.013
3169,亞信,5.309
3171,新洲,5.92
3176,基亞,13.87
3188,安茂,10.63
3189,景碩,44.6
3191,和進,5.719
3202,樺晟,9.846
3205,佰研,3.277
3206,志豐,5.182
3207,耀勝,3.826
3209,全科,16.15
3211,順達,15.2
3213,茂訊,5.869
3217,優群,8.21
3218,大學光,7.612
3219,倚強,2.33
3221,台嘉碩,9.642
3224,三顧,4.402
3226,至寶電,6.443
3227,原相,13.31
3228,金麗科,6.779
3229,晟鈦,9.352
3230,錦明,10.77
3231,緯創,274.9
3232,昱捷,3.157
3234,光環,7.253
3236,千如,7.32
3252,海灣,3.145
3257,虹冠電,6.938
3259,鑫創,8.086
3260,威剛,22.42
3264,欣銓,49
3265,台星科,13.63
3266,昇陽,35.23
3268,海德威,3.343
3272,東碩,5.226
3276,宇環,6.971
3284,太普高,5.596
3285,微端,4.411
3287,廣寰科,4.397
3288,點晶,4.848
3289,宜特,6.301
3290,東浦,9.955
3291,遠翔科,3.556
3293,鈊象,6.998
3294,英濟,13.13
3296,勝德,9.822
3297,杭特,3.691
3299,帛漢,6.106
3303,岱稜,9.609
3305,昇貿,12.15
3306,鼎天,5.061
3308,聯德,9.995
3310,佳穎,6.278
3311,閎暉,18.94
3312,弘憶股,12.85
3313,斐成,8.377
3315,宣昶,7.022
3317,尼克森,6.125
3321,同泰,8.9
3322,建舜電,8.642
3323,加百裕,8.68
3324,雙鴻,8.07
3325,旭品,7.463
3332,幸康,4.81
3338,泰碩,6.979
3339,泰谷,9.618
3346,麗清,6.828
3354,律勝,7.011
3356,奇偶,8.943
3360,尚立,7.546
3362,先進光,9.338
3363,上詮,7.747
3372,典範,40.73
3373,熱映,4.329
3374,精材,27.19
3376,新日興,17.87
3379,彬台,3.804
3380,明泰,44.45
3383,新世紀,31.52
3388,崇越電,6.41
3390,旭軟,6.698
3402,漢科,7.305
3406,玉晶光,9.977
3413,京鼎,7.875
3416,融程電,7.218
3419,譁裕,12.05
3426,台興,2.2
3428,光燿科,9.623
3431,長天,3.546
3432,台端,6.659
3434,哲固,2.27
3437,榮創,14.95
3438,類比科,6.738
3441,聯一光,4.004
3443,創意,13.4
3444,利機,3.911
3450,聯鈞,13.24
3452,益通,77.94
3454,晶睿,8.251
3455,由田,6.147
3465,祥業,1.316
3466,致振,6.089
3474,華亞科,658.9
3479,安勤,6.929
3481,群創,995.2
3483,力致,5.386
3484,崧騰,6.974
3489,森寶,8.313
3490,單井,6.876
3491,昇達科,5.158
3492,長盛,3.553
3494,誠研,17.95
3498,陽程,9.172
3499,環天科,5.497
3501,維熹,11.83
3504,揚明光,11.41
3508,位速,9.658
3511,矽瑪,4.457
3512,能緹,5.9
3514,昱晶,52.16
3515,華擎,12.07
3516,亞帝歐,5.191
3518,柏騰,8.011
3519,綠能,43.4
3520,振維,6.403
3521,鴻翊,4.673
3522,宏森,7.265
3523,迎輝,9.61
3526,凡甲,6.584
3527,聚積,3.479
3528,安馳,6.399
3529,力旺,7.578
3531,先益,6.118
3532,台勝科,77.57
3533,嘉澤,9.348
3535,晶彩科,7.905
3536,誠創,10.68
3537,堡達,4.87
3540,曜越,6.661
3541,西柏,4.932
3545,敦泰,29.82
3546,宇峻,3.799
3548,兆利,6.055
3550,聯穎,8.5
3551,世禾,5.677
3552,同致,8.539
3553,力積,6.795
3555,擎泰,3.555
3556,禾瑞亞,5.947
3557,嘉威,7.733
3558,神準,4.906
3559,全智科,12.06
3561,昇陽科,37.57
3562,頂晶科,5.809
3563,牧德,4.261
3564,其陽,2.253
3567,逸昌,3.547
3570,大塚,1.71
3573,穎台,12.68
3576,新日光,101.9
3577,泓格,4.806
3579,尚志,11.56
3580,友威科,3.547
3581,博磊,5.178
3583,辛耘,8.114
3584,介面,13.98
3587,閎康,6.231
3588,通嘉,4.734
3591,艾笛森,13.24
3593,力銘,11.27
3594,磐儀,6.278
3596,智易,18.91
3598,奕力,7.198
3605,宏致,12.24
3607,谷崧,12.17
3609,東林,3.034
3611,鼎翰,3.856
3615,安可,6.847
3617,碩天,8.095
3622,洋華,15.13
3623,富晶通,2.918
3624,光頡,11.73
3625,西勝,7.171
3628,盈正,4.5
3629,卓韋,2.025
3630,新鉅科,15.84
3631,晟楠,7.992
3632,研勤,4.719
3642,駿熠電,3.037
3645,達邁,12.33
3646,艾恩特,3.906
3652,精聯,4.71
3653,健策,10.63
3658,漢微科,7.1
3661,F-世芯,6.1
3662,樂陞,18.4
3663,鑫科,7.35
3664,F-安瑞,5.252
3665,F-貿聯,11.86
3666,光耀,4.83
3669,圓展,9.748
3672,康聯訊,3.317
3673,F-TPK,40.67
3675,德微,4.443
3679,新至陞,7.93
3680,家登,7.056
3682,亞太電,429.8
3684,榮昌,2.46
3685,政翔,7.999
3686,達能,34.96
3687,歐買尬,3.006
3689,湧德,6.968
3691,碩禾,6.099
3693,營邦,3.851
3694,海華,13.35
3698,隆達,51.23
3701,大眾控,38.07
3702,大聯大,182.5
3703,欣陸,82.32
3704,合勤控,44.12
3705,永信,26.64
3706,神達,81.86
3707,漢磊,22.91
3708,上緯投控,9.085
3709,鑫聯大投控,7.957
3710,連展投控,20.73
4102,永日,4.237
4103,百略,11
4104,佳醫,12.78
4105,東洋,24.86
4106,雃博,8.339
4107,邦特,6.93
4108,懷特,16.36
4109,穆拉德,8.188
4111,濟生,5.698
4113,聯上,20.58
4114,健喬,18.4
4116,明基醫,4.457
4119,旭富,7.949
4120,友華,8.675
4121,優盛,7.332
4123,晟德,32.06
4126,太醫,6.602
4127,天良,4.576
4128,中天,42.53
4129,聯合,7.971
4130,健亞,10.08
4131,晶宇,3.829
4133,亞諾法,6.055
4137,F-麗豐,7.949
4138,曜亞,3
4139,F-馬光,3.815
4141,F-龍燈,15.19
4142,國光生,23.77
4144,F-康聯,7.814
4147,中裕,25.03
4148,全宇生技-KY,6.403
4152,台微體,5.62
4153,鈺緯,7.437
4154,F-康樂,1.953
4155,訊映,7.406
4157,F*太景,0.209
4160,創源,2.425
4161,聿新科,5.226
4162,智擎,14.71
4163,鐿鈦,4.024
4164,承業醫,13.99
4167,展旺,24.66
4168,醣聯,7.65
4171,瑞基,3.434
4173,久裕,4.457
4174,浩鼎,17.22
4175,杏一,2.824
4180,安成藥,12.04
4183,福永生技,2.38
4188,安克,5.27
4190,F-佐登,6.115
4192,杏國,6.987
4198,環瑞醫,14.18
4205,中華食,8.07
4207,環泰,17.02
4303,信立,2
4304,勝昱,5.133
4305,世坤,5.501
4306,炎洲,53.48
4401,東隆興,12.03
4402,福大,4.599
4406,新昕纖,5.191
4413,飛寶,2.331
4414,如興,85.24
4415,台原藥,3.363
4416,三圓,6.002
4417,金洲,8.397
4419,松懋,3.258
4420,光明,4.045
4426,利勤,14.02
4429,聚紡,3.435
4430,耀億,5.627
4432,銘旺實,5.059
4433,興采,3.152
4438,廣越,10.38
4502,健信,4.43
4503,金雨,3.926
4506,崇友,17.7
4510,高鋒,10.8
4513,福裕,7.688
4523,永彰,6.4
4526,東台,25.48
4527,方土霖,7.615
4528,江興鍛,7.651
4529,昶洧,8.133
4530,宏易,4.617
4532,瑞智,49.02
4533,協易機,15.84
4534,慶騰,8.738
4535,至興,7.566
4536,拓凱,9.082
4541,晟田,5.414
4542,科嶠,2.829
4543,萬在,5.684
4545,銘鈺,7.7
4549,桓達,4.039
4550,長佳,3.446
4551,智伸科,8.193
4552,力達KY,10
4554,橙的,2.137
4555,氣立,6.688
4556,旭然,3.523
4557,F-永新,3.443
4560,強信-KY,6.525
4562,穎漢,6.755
4566,時碩工業,6.6
4609,唐鋒,4.795
4702,中美實,22.5
4703,揚華,6.574
4706,大恭,7.903
4707,磐亞,24.57
4711,永純,6.106
4712,南璋,6.052
4714,永捷,8.53
4716,大立,7.443
4720,德淵,8.858
4721,美琪瑪,7.499
4722,國精化,9.525
4725,信昌化,29.2
4726,永昕,11.21
4728,雙美,5.446
4729,熒茂,10.49
4733,上緯,8.859
4735,豪展,3.411
4736,泰博,7.833
4737,華廣,5.945
4739,康普,8.612
4741,泓瀚,3.284
4743,合一,19.58
4745,F-合富,5.77
4746,台耀,9.301
4747,強生,3.002
4754,國碳科技,1.563
4755,三福化,9.071
4762,F-三汰,2.072
4763,F-材料,4.648
4764,雙鍵,6.981
4803,F-VHQ,3.228
4804,F-大略,3.603
4806,昇華,3.175
4807,日成-KY,3.816
4903,聯光通,9.028
4904,遠傳,325.9
4905,台聯電,4.402
4906,正文,32.07
4907,富宇,11.81
4908,前鼎,7.763
4909,新復興,9.336
4911,德英,5.566
4912,F-聯德,3.954
4915,致伸,44.57
4916,事欣科,8.057
4919,新唐,20.76
4924,F-欣厚,3.716
4927,F-泰鼎,14.45
4930,燦星網,13.43
4933,友輝,7.733
4934,太極,35.65
4935,F-茂林,13.09
4938,和碩,261.4
4939,亞電,9.82
4942,嘉彰,14.24
4943,康控KY,10.72
4944,兆遠,21.15
4946,辣椒,2.732
4947,F-昂寶,5.599
4950,牧東,4.578
4952,凌通,10.88
4953,緯軟,4.388
4956,光鋐,10.04
4958,F-臻鼎,80.47
4960,奇美材,66.57
4965,商店街,3.445
4966,F-譜瑞,7.838
4968,立積,5.489
4971,F-IET,3.614
4972,湯石,3.981
4973,廣穎,6.478
4974,亞泰,7.25
4976,佳凌,11.56
4977,F-眾達,6.055
4979,華星光,9.097
4984,F-科納,4.62
4987,科誠,2.52
4991,F-環宇,8.044
4994,傳奇,11.06
4995,晶達,3.44
4999,鑫禾,7.442
5007,三星,29.49
5009,榮剛,46.67
5011,久陽,4.114
5013,強新,13.34
5014,建錩,16.53
5015,華祺,6.064
5016,松和,4.962
5102,富強,6.409
5201,凱衛,3.067
5202,力新,5.909
5203,訊連,8.707
5205,漢康,1.701
5206,坤悅,14.85
5209,新鼎,2.349
5210,寶碩,6.57
5211,蒙恬,3.202
5212,凌網,3.463
5213,亞昕,34.21
5215,F-科嘉,5.434
5225,F-東科,6.199
5227,F-立凱,21.06
5230,雷笛克,5.196
5234,達興,9.338
5243,F-乙盛,17.35
5245,智晶,4.663
5251,天鉞電,3.805
5255,美桀,4.512
5258,虹堡,7.454
5259,清惠,2.926
5263,智崴,4.468
5264,F-鎧勝,34.12
5266,F*AS,2.888
5269,祥碩,6.004
5272,笙科,5.796
5274,信驊,3.394
5276,F-達輝,3.95
5278,尚凡,1.425
5281,F-大峽,3.701
5284,F-jpp,3.889
5285,界霖,8.199
5287,數字,4.258
5288,F-豐祥,6.581
5289,宜鼎,7.201
5291,邑昇,3.355
5299,杰力,3.531
5301,寶得利,13.8
5302,太欣,16.24
5304,鼎創達,18.6
5305,敦南,31.11
5306,桂盟,12
5309,系統電,21.36
5310,天剛,4.96
5312,寶島科,6.006
5314,世紀,6
5315,光聯,10.64
5317,凱美,13.46
5321,友銓,2.88
5324,士開,10.64
5328,華容,17.27
5340,建榮,19.49
5344,立衛,7.945
5345,天揚,5
5347,世界,163.9
5348,系通,2.595
5349,先豐,22.41
5351,鈺創,43.69
5353,台林,7.5
5355,佳總,16.61
5356,協益,12.88
5364,力麗店,1.41
5371,中光電,43.44
5381,合正,18.02
5383,金利,5.01
5384,捷元,7.957
5386,青雲,1.352
5388,中磊,24.57
5392,應華,10.86
5395,圓方,7.615
5398,力瑋,4.995
5403,中菲,6.263
5410,國眾,8.59
5425,台半,24.11
5426,振發,14.38
5432,達威,2.069
5434,崇越,18.17
5438,東友,11.25
5439,高技,8.598
5443,均豪,16.51
5450,寶聯通,5.039
5452,佶優,14.88
5455,訊利電,6.55
5457,宣德,16.78
5460,同協,7.203
5464,霖宏,7.107
5465,富驊,14.41
5468,凱鈺,6.982
5469,瀚宇博,45.04
5471,松翰,16.79
5474,聰泰,3.373
5475,德宏,15.66
5478,智冠,12.75
5480,統盟,19.91
5481,華韡,9.469
5483,中美晶,59.21
5484,慧友,11.55
5487,通泰,2.213
5488,松普,9.159
5489,彩富,10.32
5490,同亨,9.44
5491,連展,20.73
5493,三聯,4.426
5498,凱崴,16.19
5508,永信建,21.74
5511,德昌,11.34
5512,力麒,74.4
5514,三豐,17.66
5515,建國,33.79
5516,雙喜,3.83
5519,隆大,18.31
5520,力泰,7.096
5521,工信,34.75
5522,遠雄,83.54
5523,豐謙,15.5
5525,順天,22.27
5529,志嘉,10.43
5530,龍巖,42.01
5531,鄉林,92.64
5533,皇鼎,28.52
5534,長虹,29.03
5536,聖暉,4.715
5538,F-東明,16.8
5543,F-崇佑,3.07
5601,台聯櫃,6.48
5603,陸海,7.832
5604,中連貨,10.88
5607,遠雄港,17
5608,四維航,42.36
5609,中菲行,12.9
5701,劍湖山,25.38
5703,亞都,7.024
5704,老爺知,3.886
5706,鳳凰,6.256
5820,日盛金,354.2
5871,F-中租,126.4
5878,台名,2.369
5880,合庫金,1220
5902,德記,9.45
5903,全家,22.32
5904,寶雅,9.769
5905,南仁湖,20.39
5906,F-台南,6
5907,F-大洋,19.75
6005,群益證,216.9
6015,宏遠證,36.82
6016,康和證,61.33
6020,大展證,25.24
6021,大慶證,30.68
6022,大眾證,37.78
6023,元大期,23.23
6024,群益期,16.04
6026, 福邦證,24.17
6101,弘捷,7.983
6103,合邦,5.708
6104,創惟,9.071
6105,瑞傳,9.974
6107,華美,8.744
6108,競國,15.99
6109,亞元,7.269
6111,大宇資,4.783
6112,聚碩,10.11
6113,亞矽,5.005
6114,久威,4.182
6115,鎰勝,18.77
6116,彩晶,323.4
6117,迎廣,8.865
6118,建達,9.089
6120,達運,66.56
6121,新普,18.5
6122,擎邦,6.873
6123,上奇,5.783
6124,業強,18.25
6125,廣運,25.4
6126,信音,12.04
6127,九豪,8.596
6128,上福,8.759
6129,普誠,18.09
6130,基因,2.67
6131,悠克,10.19
6133,金橋,11.7
6134,萬旭,9.427
6135,佳營,7.619
6136,富爾特,11.55
6138,茂達,10.28
6139,亞翔,22.55
6140,訊達,3.837
6141,柏承,13.31
6142,友勁,26.82
6143,振曜,8.328
6144,得利影,7.312
6145,勁永,32.55
6146,耕興,9.146
6147,頎邦,65.43
6148,驊宏資,9
6150,撼訊,3.026
6151,晉倫,5.526
6152,百一,16.94
6153,嘉聯益,32.32
6154,順發,8.008
6155,鈞寶,8.617
6156,松上,7.738
6158,禾昌,11.4
6160,欣技,6.849
6161,捷波,12.08
6163,華電網,10.35
6164,華興,10
6165,捷泰,4.968
6166,凌華,21.75
6167,久正,16.22
6168,宏齊,20.61
6169,昱泉,3.547
6170,統振,8.967
6171,亞銳士,7.535
6172,互億,3
6173,信昌電,17.2
6174,安,5
6175,立敦,13.79
6176,瑞儀,46.5
6177,達麗,23.38
6179,亞通,7.415
6180,橘子,16.85
6182,合晶,47.16
6183,關貿,15
6184,大豐電,15.82
6185,幃翔,12.36
6186,新潤,7.003
6187,萬潤,8.424
6188,廣明,27.84
6189,豐藝,17.9
6190,萬泰科,14.04
6191,精成科,51.55
6192,巨路,10.68
6194,育富,7.8
6195,詩肯,4.344
6196,帆宣,17.7
6197,佳必琪,13.01
6198,凌泰,2.014
6199,天品,6.176
6201,亞弘電,8.92
6202,盛群,22.62
6203,海韻電,7.995
6204,艾華,3.61
6205,詮欣,7.184
6206,飛捷,14.64
6207,雷科,8.395
6208,日揚,9.899
6209,今國光,16.3
6210,慶生,3.505
6212,理銘,10.2
6213,聯茂,30.3
6214,精誠,26.94
6215,和椿,8.279
6216,居易,8.156
6217,中探針,6.385
6218,豪勉,6.426
6219,富旺,15.4
6220,岳豐,12.46
6221,晉泰,3.979
6222,上揚,4.879
6223,旺矽,7.99
6224,聚鼎,8
6225,天瀚,10.13
6226,光鼎,11.63
6227,茂綸,7.611
6228,全譜,2.8
6229,研通,3.609
6230,超眾,8.634
6231,系微,3.804
6233,旺玖,8.457
6234,高僑,9.286
6235,華孚,16.54
6236,康呈,3.165
6237,驊訊,7.898
6238,勝麗,4.995
6239,力成,77.91
6240,松崗,2.31
6241,易通展,2.372
6242,立康,2.22
6243,迅杰,7.498
6244,茂迪,53.98
6245,立端,10.46
6246,臺龍,2.844
6247,淇譽電,6.032
6248,沛波,3.068
6250,宇加,1.825
6251,定穎,28.11
6257,矽格,35.99
6259,百徽,11.13
6261,久元,12.85
6263,普萊德,6.25
6264,富裔,11.64
6265,方土昶,11.82
6266,泰詠,9.22
6269,台郡,31.8
6270,倍微,7.215
6271,同欣電,16.54
6274,台燿,24.48
6275,元山,6.168
6276,安鈦克,3.373
6277,宏正,11.95
6278,台表科,29.54
6279,胡連,9.718
6281,全國電,9.917
6282,康舒,51.84
6283,淳安,13.39
6284,佳邦,10.26
6285,啟,36.68
6286,立錡,14.85
6287,元隆,31.81
6288,聯嘉,15.21
6289,華上,26.93
6290,良維,13.4
6291,沛亨,2.23
6292,迅德,4.69
6294,智基,2.128
6298,崴強,16.9
6404,F-通訊,3.79
6405,悅城,6.58
6409,旭隼,7.869
6411,晶焱,6.98
6412,群電,38.23
6414,樺漢,7.653
6415,F-矽力,8.772
6416,韋僑,6.8
6417,韋僑,3.561
6419,京晨科,2.781
6422,F-君耀,4.174
6426,統新,3.351
6431,F-光麗,4.564
6432,今展科,2.031
6435,大中,3.306
6438,迅得,5.28
6441,廣錠,2.876
6442,光聖,6.6
6443,元晶,47.69
6446,藥華藥,21.87
6449,鈺邦,7.609
6451,F-訊芯,10.54
6452,F-康友,7.8
6456,F-GIS,33.94
6457,紘康,2.888
6461,益得,8
6462,神盾,7.049
6464,台數科,12.69
6465,威潤,3.007
6469,大樹,3.05
6470,宇智,3.269
6472,保瑞,2.646
6477,安集,8.246
6482,弘煜科,1.56
6485,點序,3.422
6486,互動,4.618
6488,環球晶,43.72
6492,生華科,7.439
6494,九齊,2.656
6496,科懋,4.667
6497,亞獅康-KY,13.01
6499,益安,5.162
6504,南六,7.26
6505,台塑化,952.6
6506,雙邦,7.839
6508,惠光,8.325
6509,聚和,17.61
6510,精測,3.279
6512,啟發電,2.5
6514,F-芮特,2.456
6523,達爾膚,4.582
6525,F-捷敏,10.67
6530,創威,3.375
6531,愛普,7.087
6532,瑞耘,3.163
6533,晶心科,4.062
6535,順藥,9.537
6538,倉和,3.03
6541,泰福-KY,21.66
6542,隆中,3.15
6548,長華科,3.611
6552,易華電,10
6554,中美冠科-KY,14.52
6556,勝品,2.3
6560,欣普羅,1.715
6568,宏觀,2.47
6569,醫揚,2.001
6570,維田,2.71
6573,虹揚-KY,6.335
6574,霈方,2.199
6577,勁豐,3.825
6579,研揚,10.68
6581,鋼聯,11.13
6582,申豐,10.43
6591,動力-KY,2.37
6593,台灣銘板,1.957
6594,展匯科,1.93
6596,寬宏藝術,2.3
6603,富強鑫,12.94
6605,帝寶,16.58
6609,瀧澤科,7.104
6613,朋億,3.393
6615,慧智,2.109
6616,特昇-KY,2.362
6702,興航,75.87
6803,崑鼎,6.68
7402,邑錡,2.147
8011,台通,11.86
8016,矽創,12.05
8021,尖點,15.95
8024,佑華,4.601
8027,鈦昇,7.687
8032,光菱,5.181
8033,雷虎,10.94
8034,榮群,6.287
8038,長園科,5.655
8039,台虹,20.88
8040,九暘,8.273
8042,金山電,11.3
8043,蜜望實,7.991
8044,網家,11.72
8046,南電,64.62
8047,星雲,4.167
8048,德勝,5.326
8049,晶采,11.82
8050,廣積,12.35
8053,巨擘,41.18
8054,安國,7.378
8059,凱碩,9.112
8064,東捷,16.48
8066,來思達,3.015
8067,志旭,3
8068,全達,6.696
8069,元太,114
8070,長華,6.388
8071,能率豐,5.185
8072,陞泰,8
8074,鉅橡,8.118
8076,伍豐,25.16
8077,洛,10.97
8079,誠遠,8.02
8080,奧斯特,6.399
8081,致新,8.617
8082,漢承泰,10.66
8083,瑞穎,3.513
8084,巨虹,6.096
8085,福華,15.73
8086,宏捷科,14.39
8087,華鎂鑫,2.987
8088,品安,6.092
8091,翔名,4.248
8092,建暐,3.885
8093,保銳,6.421
8096,擎亞,13.96
8097,常珵,2.667
8099,大世科,6.72
8101,華冠,41.62
8103,瀚荃,8.14
8105,凌巨,44.15
8107,大億科,7.5
8109,博大,6.601
8110,華東,52.64
8111,立,11.71
8112,至上,36.9
8114,振樺電,10.61
8121,越峰,18.24
8131,福懋科,44.22
8147,正淩,2.489
8150,南茂,88.63
8155,博智,4.976
8163,達方,28
8171,天宇,5.149
8176,智捷,7.25
8182,加高,10.7
8183,精星,12.13
8201,無敵,6.237
8210,勤誠,11.97
8213,志超,27.12
8215,明基材,32.07
8222,寶一,6.846
8234,新漢,14.12
8240,華宏,10
8249,菱光,12.71
8255,朋程,7.486
8261,富鼎,8.129
8266,中日新,10.04
8271,宇瞻,10.09
8277,商丞,9.163
8279,生展,2.1
8287,英格爾,14.56
8289,泰藝,7.695
8291,尚茂,7.602
8299,群聯,19.71
8341,日友,11.15
8342,益張,3.304
8349,矬,10.41
8354,冠好,6.374
8358,金居,25.26
8374,羅昇,8.857
8383,千附,11.82
8390,金益鼎,9.567
8401,白紗科,6.057
8403,盛弘,7.929
8404,F-百和,26.53
8406,F-金可,9.245
8409,商之器,2.8
8410,森田,3.659
8411,F-福貞,17.54
8415,大國鋼,61.15
8416,實威,2.565
8418,F-必勝,7.3
8420,明揚,5.099
8421,旭源,5.348
8422,可寧衛,10.89
8423,F-保綠,2.002
8424,惠普,3.605
8426,F-紅木,5.069
8427,F-基勝,10.43
8429,F-金麗,17.96
8431,匯鑽科,4.424
8432,東生華,3.84
8433,弘帆,5.258
8435,鉅邁,3.17
8436,大江,8.701
8437,F-大地,3.378
8442,威宏KY,5
8443,阿瘦,6.68
8444,F-綠河,7.477
8446,華研,4.735
8450,霹靂,4.796
8454,富邦媒,14.21
8455,F-大拓,2.522
8462,柏文,4.799
8463,潤泰材,15
8464,億豐,29.3
8466,美吉吉KY,6.606
8467,F-波力,5.086
8472,夠麻吉,2.031
8473,山林水,13.22
8476,台境,3.399
8477,創業家,2.06
8478,東哥遊艇,9.457
8480,泰昇-KY,3.57
8481,政伸,6.66
8488,吉源-KY,6.75
8489,三貝德,3.002
8497,聯廣,3.65
8499,鼎炫-KY,5.175
8905,裕國,11.94
8906,花王,5.132
8908,欣雄,15.34
8913,全銓,0.74
8916,光隆,10.89
8917,欣泰,12.22
8921,沈氏,4.659
8923,時報,3.038
8924,大田,12.13
8925,偉盟,36.52
8926,台汽電,58.9
8927,北基,19.18
8928,鉅明,5.085
8929,富堡,4.27
8930,青鋼,6.742
8931,大汽電,11.64
8932,宏大,4.88
8933,愛地雅,17.84
8934,衡平,0.851
8935,邦泰,8.43
8936,國統,22.58
8937,合騏,7.248
8938,明安,13.53
8940,新天地,6.749
8941,關中,2.363
8942,森鉅,16.58
8996,高力,8.938
9103,美德醫,7.145
910322,康師傅,9.165
910482,聖馬丁,2.525
9105,泰金寶,41.49
9106,新焦點,18.79
910708,琱j健,11.33
910801,金衛,7.141
910861,神州,6.447
9110,越南控,0.382
911608,明輝,5.269
911611,中泰山,27.08
911612,滬安,23.77
911613,特藝,0.699
911616,杜康,11.14
911619,耀傑,5.769
911622,泰聚亨,55.81
911626,MSH,8.43
911868,同方友,3.562
912000,晨訊科,10.64
912398,友佳,0.191
9136,巨騰,4.61
9157,陽光能,1.415
9188,精熙,3.5
9802,F-鈺齊,14.62
9902,台火,9.805
9904,寶成,294.7
9905,大華,30.5
9906,欣巴巴,7.457
9907,統一實,157.9
9908,大台北,51.64
9910,豐泰,66.79
9911,櫻花,22.11
9912,偉聯,5.28
9914,美利達,29.9
9917,中保,45.12
9918,欣天然,18.05
9919,康那香,19.71
9921,巨大,37.51
9924,福興,18.85
9925,新保,38.37
9926,新海,17.95
9927,泰銘,20.91
9928,中視,15.07
9929,秋雨,16.88
9930,中聯資,22.59
9931,欣高,10.23
9933,中鼎,76.33
9934,成霖,36.69
9935,慶豐富,15.36
9937,全國,30.9
9938,百和,29.8
9939,宏全,29.29
9940,信義,65.15
9941,裕融,27.46
9942,茂順,8.316
9943,好樂迪,14.73
9944,新麗,10.91
9945,潤泰新,167.2
9946,三發,26.15
9949,琉園,4.703
9950,萬國通,9.972
9951,皇田,7.49
9955,佳龍,10.32
9958,世紀鋼,18.56
9960,邁達康,3.359
9962,有益,9.022
